{"Point": {"location": [3.5720691680908203, 29.186954498291016, 30.20100212097168]}, "Point.001": {"location": [21.270038604736328, -31.644168853759766, 29.239967346191406]}, "sconce": {"location": [0.33902981877326965, 0.0, 0.0]}, "tile0": {"location": [0.0, 0.0, 0.0]}, "tile1": {"location": [0.0, -22.0, 0.0]}, "tile1_sconce0": {"location": [-0.30840733647346497, -26.971439361572266, 3.1243607997894287]}, "tile1_sconce1": {"location": [-0.30840733647346497, -17.024032592773438, 3.1243607997894287]}, "tile2": {"location": [0.0, -44.0, 0.0]}, "tile2_sconce0": {"location": [-0.30840733647346497, -48.971439361572266, 3.1243607997894287]}, "tile2_sconce1": {"location": [-0.30840733647346497, -39.02403259277344, 3.1243607997894287]}, "tile3": {"location": [0.0, -66.0, 0.0]}, "tile4": {"location": [0.0, -88.0, 0.0]}, "tile4_sconce0": {"location": [4.975967884063721, -87.69158935546875, 3.1243605613708496]}, "tile5": {"location": [0.0, -110.0, 0.0]}, "tile6": {"location": [0.0, -132.0, 0.0]}, "tile7": {"location": [0.0, -154.0, 0.0]}, "tile8": {"location": [0.0, -176.0, 0.0]}}