{
    "tile0": {
        "location": [
            0.0,
            0.0,
            0.0
        ],
        "rotation": [
            0.0,
            0.0,
            0.0
        ],
        "scale": [
            1.0,
            1.0,
            1.0
        ],
        "subMeshes": {},
        "lights": []
    },
    "tile1": {
        "location": [
            0.0,
            -22.0,
            0.0
        ],
        "rotation": [
            0.0,
            0.0,
            0.0
        ],
        "scale": [
            1.0,
            1.0,
            1.0
        ],
        "subMeshes": {
            "sconce0": {
                "location": [
                    -0.3502125144004822,
                    -17.024032592773438,
                    3.1243607997894287
                ],
                "rotation": [
                    0.0,
                    0.0,
                    0.0
                ],
                "scale": [
                    1.0,
                    1.0,
                    1.0
                ]
            },
            "sconce1": {
                "location": [
                    -0.3502125144004822,
                    -26.971439361572266,
                    3.1243607997894287
                ],
                "rotation": [
                    0.0,
                    0.0,
                    0.0
                ],
                "scale": [
                    1.0,
                    1.0,
                    1.0
                ]
            }
        },
        "lights": [
            {
                "pos": [
                    -0.24353116750717163,
                    -17.024032592773438,
                    3.4355146884918213
                ],
                "color": [
                    1.0,
                    1.0,
                    1.0
                ],
                "brightness": 100.0
            },
            {
                "pos": [
                    -0.24353116750717163,
                    -26.97869873046875,
                    3.4355146884918213
                ],
                "color": [
                    1.0,
                    1.0,
                    1.0
                ],
                "brightness": 100.0
            }
        ]
    },
    "tile2": {
        "location": [
            0.0,
            -44.0,
            0.0
        ],
        "rotation": [
            0.0,
            0.0,
            0.0
        ],
        "scale": [
            1.0,
            1.0,
            1.0
        ],
        "subMeshes": {
            "sconce0": {
                "location": [
                    -0.3502125144004822,
                    -39.02403259277344,
                    3.1243607997894287
                ],
                "rotation": [
                    0.0,
                    0.0,
                    0.0
                ],
                "scale": [
                    1.0,
                    1.0,
                    1.0
                ]
            },
            "sconce1": {
                "location": [
                    -0.3502125144004822,
                    -48.971439361572266,
                    3.1243607997894287
                ],
                "rotation": [
                    0.0,
                    0.0,
                    0.0
                ],
                "scale": [
                    1.0,
                    1.0,
                    1.0
                ]
            }
        },
        "lights": [
            {
                "pos": [
                    -0.24353116750717163,
                    -39.0247688293457,
                    3.4355146884918213
                ],
                "color": [
                    1.0,
                    1.0,
                    1.0
                ],
                "brightness": 100.0
            },
            {
                "pos": [
                    -0.24353116750717163,
                    -48.979434967041016,
                    3.4355146884918213
                ],
                "color": [
                    1.0,
                    1.0,
                    1.0
                ],
                "brightness": 100.0
            }
        ]
    },
    "tile3": {
        "location": [
            0.0,
            -66.0,
            0.0
        ],
        "rotation": [
            0.0,
            0.0,
            0.0
        ],
        "scale": [
            1.0,
            1.0,
            1.0
        ],
        "subMeshes": {},
        "lights": []
    },
    "tile4": {
        "location": [
            0.0,
            -88.0,
            0.0
        ],
        "rotation": [
            0.0,
            0.0,
            0.0
        ],
        "scale": [
            1.0,
            1.0,
            1.0
        ],
        "subMeshes": {
            "sconce0": {
                "location": [
                    4.975967884063721,
                    -87.6519546508789,
                    3.1243603229522705
                ],
                "rotation": [
                    0.0,
                    -0.0,
                    -1.5707963705062866
                ],
                "scale": [
                    1.0,
                    1.0,
                    1.0
                ]
            }
        },
        "lights": [
            {
                "pos": [
                    4.974310398101807,
                    -87.74797058105469,
                    3.439959764480591
                ],
                "color": [
                    1.0,
                    1.0,
                    1.0
                ],
                "brightness": 100.0
            }
        ]
    },
    "tile5": {
        "location": [
            0.0,
            -110.0,
            0.0
        ],
        "rotation": [
            0.0,
            0.0,
            0.0
        ],
        "scale": [
            1.0,
            1.0,
            1.0
        ],
        "subMeshes": {},
        "lights": []
    },
    "tile6": {
        "location": [
            0.0,
            -132.0,
            0.0
        ],
        "rotation": [
            0.0,
            0.0,
            0.0
        ],
        "scale": [
            1.0,
            1.0,
            1.0
        ],
        "subMeshes": {},
        "lights": []
    },
    "tile7": {
        "location": [
            0.0,
            -154.0,
            0.0
        ],
        "rotation": [
            0.0,
            0.0,
            0.0
        ],
        "scale": [
            1.0,
            1.0,
            1.0
        ],
        "subMeshes": {},
        "lights": []
    },
    "tile8": {
        "location": [
            0.0,
            -176.0,
            0.0
        ],
        "rotation": [
            0.0,
            0.0,
            0.0
        ],
        "scale": [
            1.0,
            1.0,
            1.0
        ],
        "subMeshes": {},
        "lights": []
    }
}